{
  "Age":0.9377444802,
  "TotalWorkingYears":0.6479329434,
  "YearsInCurrentRole":0.6361480332,
  "OverTime":0.6139216721,
  "AgeGroup":0.5942071564,
  "JobLevel":0.5663253735,
  "YearsAtCompany":0.5310975605,
  "IncomeToLevelRatio":0.5302545581,
  "JobSatisfaction":0.5268898378,
  "NumCompaniesWorked":0.5087176284,
  "PromotionStagnation":0.4414667764,
  "StockOptionLevel":0.432318079,
  "SatisfactionScore":0.4286594848,
  "DistanceFromHome":0.3948155277,
  "MonthlyIncome":0.2931249238
}